time,102_boost_pressure,105_intake_manfold_1_temperature,1086_parking_and_or_trailer_air_pressure,108_barometric_pressure,109_engine_coolant_pressure,110_engine_coolant_temperature,111_engine_coolant_level,1135_engine_oil_temperature_2,116_brake_application_pressure,1239_fuel_leakage_1,1639_fan_speed,171_ambient_air_temperature,172_air_inlet_temperature,175_engine_oil_temperature_1,1761_catalyst_tank_level,182_trip_fuel,183_fuel_rate,184_instantaneous_fuel_economy,185_average_fuel_economy,244_trip_distance,245_odometer,245_to,246_total_vehicle_hours,247_total_engine_hours,249_total_engine_revolutions,250_total_fuel_used,3031_after_treatment_1_scr_catalyst_tank_tempature,3216_after_treatment_1_intake_nox,3217_after_treatment_1_intake_o2,3226_after_treatment_1_outlet_nox,3227_after_treatment_1_outlet_o2,3241_after_treatment_1_exhuast_gas_temp_1,3242_after_treatment_1_dsl_prtctl_fltr_int_0000,3245_after_treatment_1_exhuast_gas_temp_3,3251_after_treatment_1_dsl_prtctl_fltr_dff_prss,3516_aftrtrtmnt_1_scr_ctlyst_ragent_cncntrtn,3697_diesel_particulate_filter_lamp_cmd,3700_dsl_prticulate_filter_active_r_gnrtion_status,3701_diesel_particulate_filter_status,3719_dsl_prticulate_filter_1_soot_load_percent,3720_dsl_prticulate_filter_1_ash_load_percent,3721_dsl_prticulate_filter_1_tm_snc_lst_actv_rgnrtn,38_fuel_level_2,4175_dsl_prticulate_filter_actv_rgnrtn_frcd_stts,4364_after_treatment_1_scr_ctylst_cnvrsn_eff_cnc,4765_aftr_trtmnt_1_dsl_oxdtn_ctlyst_in_0000,4766_aftr_trtmnt_1_dsl_oxdtn_ctlyst_ot_0000,521_brake_pedal_position,523_current_gear,5245_aftertreatement_1_def_tank_low_level_indicator,526_actual_gear_ratio,5463_after_treatment_1_dsl_exhaust_fld_tnk_lw_lvlln,563_anti-lock_braking_abs_active,595_cruise_control_active,596_cruise_control_enable_switch,597_brake_switch,598_clutch_switch,599_cruise_control_set_switch,600_cruise_control_coast_switch,602_cruise_control_accelerate_switch,70_parking_brake_switch,84_vehicle_speed,86_cruise_control_set_speed,917_odometer,918_high_resolution_trip_distance,96_fl,96_fuel_level,97_water_in_fuel_indicator
2025-10-26 00:00:13,102,41,,127.5,,86,102,1774.969,,,0,32.406,215,85.313,58.4,0,0,0,0,0.25,82983.125,81932.75,,2742,208561000,31681,31,3012.8,16.691,3012.8,21.685,168.188,179.5,1774.969,0.2,32.25,0,0,0,0,0,264344,,0,100,168.188,179.5,102,0,0,65.535,0,0,0,0,1,1,0,0,0,0,0,0,,,0.4,,
2025-10-26 00:01:13,,,,127.5,,,,,,,,31.219,215,,58.4,,,,,,,,,,,,31,3012.8,16.691,3012.8,21.685,168.188,179.5,1774.969,0.2,32.25,0,0,0,0,0,264344,,0,100,168.188,179.5,,,0,,0,,,,,,,,,,,,,,,,
2025-10-26 00:41:13,94,50,,127.5,,76,102,1774.969,,,892.625,29.25,215,72.781,58.4,0,2.15,0,0,0,82983.125,81932.75,,2742.05,208561000,31681,31,3012.8,0,3012.8,21.685,104.281,105.094,1774.969,0.3,32.25,0,0,0,0,0,264383,,0,100,104.281,105.094,102,0,0,65.535,0,0,0,0,0,0,0,0,0,1,0,0,,,0.4,,
2025-10-26 00:42:13,92,49,,127.5,,76,102,1774.969,,,896.625,29.844,215,74.219,58.4,0,1.95,0,0,0,82983.125,81932.75,,2742.05,208562000,31681,31,3012.8,0,3012.8,21.685,115,105,1774.969,0.3,32.25,0,0,0,0,0,264441,,0,100,115,105,102,0,0,65.535,0,0,0,0,0,0,0,0,0,1,0,0,,,0.4,,
2025-10-26 00:43:13,92,48,,127.5,,76,102,1774.969,,,901.875,30.469,215,75.125,58.4,0,1.9,0,0,0,82983.125,81932.75,,2742.05,208563000,31681,31,3012.8,0,3012.8,21.685,119.875,111.875,1774.969,0.3,32.25,0,0,0,0,0,264498,,0,100,119.875,111.875,102,0,0,65.535,0,0,0,0,0,0,0,0,0,1,0,0,,,0.4,,
2025-10-26 00:44:13,90,47,,127.5,,77,102,1774.969,,,890,30.563,215,75.938,58.4,0,1.9,0,0,0,82983.125,81932.75,,2742.1,208564000,31681,31,3012.8,0,3012.8,21.685,123.688,117,1774.969,0.2,32.25,0,0,0,0,0,264556,,0,100,123.688,117,102,0,0,65.535,0,0,0,0,0,0,0,0,0,1,0,0,,,0.4,,
2025-10-26 00:45:13,86,45,,127.5,,78,102,1774.969,,,692.875,30.813,215,76.75,58.4,0,1.2,0,0,0,82983.125,81932.75,,2742.1,208565000,31681,31,3012.8,0,3012.8,21.685,126.5,120.688,1774.969,0.2,32.25,0,0,0,0,0,264614,,0,100,126.5,120.688,102,0,0,65.535,0,0,0,0,0,0,0,0,0,1,0,0,,,0.4,,
2025-10-26 00:46:13,90,45,,127.5,,79,102,1774.969,,,893.5,29.906,215,77.375,58.4,0,1.85,0,0,0,82983.125,81932.75,,2742.1,208566000,31681,31,3012.8,0,3012.8,21.685,128.594,124.594,1774.969,0.2,32.25,0,0,0,0,0,264671,,0,100,128.594,124.594,102,0,0,65.535,0,0,0,0,0,0,0,0,0,1,0,0,,,0.4,,
2025-10-26 00:47:13,94,44,,127.5,,80,102,1774.969,,,850.25,30.594,215,78.031,58.4,0,1.9,0,0,0,82983.125,81932.75,,2742.15,208567000,31681,31,3012.8,0,3012.8,21.685,128.5,126.094,1774.969,0.2,32.25,0,0,0,0,0,264729,,0,100,128.5,126.094,102,0,0,65.535,0,0,0,0,0,0,0,0,0,1,0,0,,,0.4,,
2025-10-26 00:48:13,86,45,,127.5,,80,102,1774.969,,,674.125,30.813,215,78.438,58.4,0,0.95,0,0,0,82983.125,81932.75,,2742.15,208567000,31681,31,3012.8,0,3012.8,21.685,131.094,127.594,1774.969,0.2,32.25,0,0,0,0,0,264787,,0,100,131.094,127.594,102,0,0,65.535,0,0,0,0,0,0,0,0,0,1,0,0,,,0.4,,
2025-10-26 00:49:13,90,44,,127.5,,81,102,1774.969,,,895.125,30.75,215,78.875,58.4,0,1.65,0,0,0,82983.125,81932.75,,2742.15,208568000,31681,31,3012.8,0,3012.8,21.685,135,129.188,1774.969,0.2,32.25,0,0,0,0,0,264844,,0,100,135,129.188,102,0,0,65.535,0,0,0,0,0,0,0,0,0,1,0,0,,,0.4,,
2025-10-26 00:50:13,90,45,,127.5,,82,102,1774.969,,,890.75,31.063,215,79.219,58.4,0,1.25,0,0,0,82983.125,81932.75,,2742.2,208569000,31681,31,3012.8,0,3012.8,21.685,136.094,131.094,1774.969,0.2,32.25,0,0,0,0,0,264902,,0,100,136.094,131.094,102,0,0,65.535,0,0,0,0,0,0,0,0,0,1,0,0,,,0.4,,
2025-10-26 00:51:13,86,44,,127.5,,82,102,1774.969,,,693,31,215,79.719,58.4,0,1.25,0,0,0,82983.125,81932.75,,2742.2,208570000,31681,31,3012.8,0,3012.8,21.685,135.094,133.094,1774.969,0.2,32.25,0,0,0,0,0,264960,,0,100,135.375,133.188,102,0,0,65.535,0,0,0,0,0,0,0,0,0,1,0,0,,,0.4,,
2025-10-26 00:52:13,88,45,,127.5,,83,102,1774.969,,,675.875,30.25,215,80.313,58.4,0,1.2,0,0,0,82983.125,81932.75,,2742.2,208571000,31681,31,3012.8,0,3012.8,21.685,138.594,134.188,1774.969,0.2,32.25,0,0,0,0,0,265017,,0,100,139.094,134.188,102,0,0,65.535,0,0,0,0,0,0,0,0,0,1,0,0,,,0.4,,
2025-10-26 00:53:13,102,44,,127.5,,83,102,1774.969,,,0,29.625,215,80.313,58.4,,0,0,0,0,82983.125,81932.75,,2742.2,208571000,,31,3012.8,0,3012.8,21.685,137.875,134.281,1774.969,0.1,32.25,0,0,0,0,0,265023,,0,100,137.875,134.281,102,0,0,65.535,0,0,0,0,0,0,0,0,0,1,0,0,,,0.4,,
2025-10-26 00:54:13,,,,127.5,,,,,,,,29.594,215,,58.4,,,,,,,,,,,,31,3012.8,0,3012.8,21.685,137.875,134.281,1774.969,0.1,32.25,0,0,0,0,0,265023,,0,100,137.875,134.281,,,0,,0,,,,,,,,,,,,,,,,
2025-10-26 01:03:13,96,48,,100.5,,80,102,1774.969,,,890.25,28.906,48,77.469,58.4,0,2.1,0,0,0,82983.125,81932.75,,2742.25,208571000,31681,30,3012.8,0,3012.8,21.685,109.281,102.5,1774.969,0.2,32.25,0,0,0,0,0,265042,,0,100,109.281,102.5,102,0,0,65.535,0,0,0,0,0,0,0,0,0,1,0,0,,,0.4,,
2025-10-26 01:04:13,88,47,,100.5,,80,102,1774.969,,,884.875,30.188,47,78.094,58.4,0,0.2,0,0,0,82983.125,81932.75,,2742.25,208572000,31681,30,3012.8,0,3012.8,21.685,121.375,110.094,1774.969,0.2,32.25,0,0,0,0,0,265099,,0,100,121.375,110.094,102,0,0,65.535,0,0,0,0,0,0,0,0,0,1,0,0,,,0.4,,
2025-10-26 01:05:13,90,47,,100.5,,80,102,1774.969,,,888.375,30.469,47,78.25,58.4,0,1.9,0,0,0,82983.125,81932.75,,2742.25,208573000,31681,30,3012.8,0,3012.8,21.685,126.375,116.781,1774.969,0.2,32.25,0,0,0,0,0,265157,,0,100,126.375,116.781,102,0,0,65.535,0,0,0,0,0,0,0,0,0,1,0,0,,,0.4,,
2025-10-26 01:06:13,90,46,,100.5,,81,102,1774.969,,,880.75,30.625,46,78.594,58.4,0,1.9,0,0,0,82983.125,81932.75,,2742.3,208574000,31681,30,3012.8,0,3012.8,21.685,128.875,122.281,1774.969,0.2,32.25,0,0,0,0,0,265215,,0,100,128.875,122.281,102,0,0,65.535,0,0,0,0,0,0,0,0,0,1,0,0,,,0.4,,
2025-10-26 01:07:13,102,46,,100.5,,81,102,1774.969,,,0,30.813,46,78.875,58.4,0,0,0,0,0,82983.125,81932.75,,2742.3,208575000,31681,30,3012.8,0,3012.8,21.685,124.688,122.688,1774.969,0.1,32.25,0,0,0,0,0,265267,,0,100,124.688,122.688,102,0,0,65.535,0,0,0,0,0,0,0,0,0,1,0,0,,,0.4,,
2025-10-26 01:08:13,102,47,,100.5,,81,102,1774.969,,,0,30.781,47,78.813,58.4,,0,0,0,0,82983.125,,,,,,30,3012.8,0,3012.8,21.685,124.688,122.688,1774.969,0.1,32.25,0,0,0,0,0,265267,,0,100,124.688,122.688,,0,0,65.535,0,,0,0,0,0,0,0,0,1,0,0,,,,,
2025-10-26 01:56:13,100,59,,127.5,,69,102,1774.969,,,678.5,26.844,215,66.969,58.4,,2.15,0,0,0,82983.125,,,,,,0,3012.8,0,3012.8,21.685,52.094,56.781,1774.969,0.1,0,0,0,0,0,0,265268,,0,100,52.094,56.781,102,0,0,65.535,0,0,0,0,0,0,0,0,0,1,0,0,,,,,
2025-10-26 01:57:13,94,47,,127.5,,69,102,1774.969,,,894.375,28.031,215,66.813,58.4,0,2.15,0,0,0,82983.125,81932.75,,2742.3,208576000,31681.5,30,3012.8,0,3012.8,21.685,100.594,79.094,1774.969,0.2,32.25,0,0,0,0,0,265325,,0,100,100.594,79.094,102,0,0,65.535,0,0,0,0,0,0,0,0,0,1,0,0,,,0.4,,
2025-10-26 01:58:13,90,47,,127.5,,69,102,1774.969,,,888,28.625,215,67.906,58.4,0,1.95,0,0,0,82983.125,81932.75,,2742.3,208576000,31681.5,30,3012.8,0,3012.8,21.685,106.688,96.281,1774.969,0.2,32.25,0,0,0,0,0,265383,,0,100,106.688,96.281,102,0,0,65.535,0,0,0,0,0,0,0,0,0,1,0,0,,,0.4,,
2025-10-26 01:59:13,86,46,,127.5,,71,102,1774.969,,,680.25,28.875,215,68.906,58.4,0,1.1,0,0,0,82983.125,81932.75,,2742.35,208577000,31681.5,30,3012.8,0,3012.8,21.685,112.781,106.5,1774.969,0.2,32.25,0,0,0,0,0,265441,,0,100,112.781,106.5,102,0,0,65.535,0,0,0,0,0,0,0,0,0,1,0,0,,,0.4,,
2025-10-26 02:00:13,92,45,,127.5,,72,102,1774.969,,,901,29.406,215,69.875,58.4,0,2.05,0,0,0,82983.125,81932.75,,2742.35,208578000,31681.5,30,3012.8,0,3012.8,21.685,121.188,113,1774.969,0.2,32.25,0,0,0,0,0,265499,,0,100,121.188,113,102,0,0,65.535,0,0,0,0,0,0,0,0,0,1,0,0,,,0.4,,
2025-10-26 02:01:13,90,44,,127.5,,73,102,1774.969,,,901.875,29.688,215,71.063,58.4,0,1.9,0,0,0,82983.125,81932.75,,2742.35,208579000,31681.5,30,3012.8,0,3012.8,21.685,122.688,118.594,1774.969,0.2,32.25,0,0,0,0,0,265556,,0,100,122.688,118.594,102,0,0,65.535,0,0,0,0,0,0,0,0,0,1,0,0,,,0.4,,
2025-10-26 02:02:13,92,44,,127.5,,74,102,1774.969,,,823.625,29.688,215,72.188,58.4,0,1,0,0,0,82983.125,81932.75,,2742.4,208580000,31681.5,30,3012.8,0,3012.8,21.685,125.5,121.281,1774.969,0.2,32.25,0,0,0,0,0,265614,,0,100,125.5,121.281,102,0,0,65.535,0,0,0,0,0,0,0,0,0,1,0,0,,,0.4,,
2025-10-26 02:03:13,96,42,,127.5,,75,102,1774.969,,,859.375,29.344,215,73.063,58.4,0,2.05,0,0,0,82983.125,81932.75,,2742.4,208581000,31681.5,30,3012.8,0,3012.8,21.685,125.188,123.5,1774.969,0.2,32.25,0,0,0,0,0,265672,,0,100,125.188,123.5,102,0,0,65.535,0,0,0,0,0,0,0,0,0,1,0,0,,,0.4,,
2025-10-26 02:04:13,90,43,,127.5,,76,102,1774.969,,,897,29.094,215,73.844,58.4,0,1.85,0,0,0,82983.125,81932.75,,2742.4,208582000,31681.5,30,3012.8,0,3012.8,21.685,128.281,125.5,1774.969,0.2,32.25,0,0,0,0,0,265729,,0,100,128.281,125.5,102,0,0,65.535,0,0,0,0,0,0,0,0,0,1,0,0,,,0.4,,
2025-10-26 02:05:13,88,42,,127.5,,76,102,1774.969,,,679.625,28.938,215,74.719,58.4,0,1.5,0,0,0,82983.125,81932.75,,2742.45,208582000,31681.5,30,3012.8,0,3012.8,21.685,132.094,127.375,1774.969,0.2,32.25,0,0,0,0,0,265788,,0,100,132.094,127.375,102,0,0,65.535,0,0,0,0,0,0,0,0,0,1,0,0,,,0.4,,
2025-10-26 02:06:13,90,43,,127.5,,77,102,1774.969,,,890.5,29.063,215,75.313,58.4,0,1.9,0,0,0,82983.125,81932.75,,2742.45,208583000,31681.5,30,3012.8,0,3012.8,21.685,132,129.375,1774.969,0.2,32.25,0,0,0,0,0,265845,,0,100,132,129.375,102,0,0,65.535,0,0,0,0,0,0,0,0,0,1,0,0,,,0.4,,
2025-10-26 02:07:13,90,42,,127.5,,78,102,1774.969,,,898.75,28.969,215,75.938,58.4,0,1.25,0,0,0,82983.125,81932.75,,2742.45,208584000,31681.5,30,3012.8,0,3012.8,21.685,132.188,130.094,1774.969,0.2,32.25,0,0,0,0,0,265903,,0,100,132.188,130.094,102,0,0,65.535,0,0,0,0,0,0,0,0,0,1,0,0,,,0.4,,
2025-10-26 02:08:13,90,41,,127.5,,78,102,1774.969,,,897,29.094,215,76.656,58.4,0,1.25,0,0,0,82983.125,81932.75,,2742.5,208585000,31681.5,30,3012.8,0,3012.8,21.685,132.781,130.875,1774.969,0.2,32.25,0,0,0,0,0,265961,,0,100,132.781,130.875,102,0,0,65.535,0,0,0,0,0,0,0,0,0,1,0,0,,,0.4,,
2025-10-26 02:09:13,94,41,,127.5,,79,102,1774.969,,,894,28.844,215,77.094,58.4,0,2,0,0,0,82983.125,81932.75,,2742.5,208586000,31681.5,30,3012.8,0,3012.8,21.685,134.594,131.688,1774.969,0.2,32.25,0,0,0,0,0,266018,,0,100,134.594,131.688,102,0,0,65.535,0,0,0,0,0,0,0,0,0,1,0,0,,,0.4,,
2025-10-26 02:10:13,102,43,,127.5,,79,102,1774.969,,,0,28.5,215,77.313,58.4,0,0,0,0,0,82983.125,81932.75,,2742.5,208586000,31681.5,30,3012.8,0,3012.8,21.685,136.281,132.281,1774.969,0.1,32.25,0,0,0,0,0,266055,,0,100,136.281,132.281,102,0,0,65.535,0,0,0,0,0,0,0,0,0,1,0,0,,,0.4,,
2025-10-26 02:11:13,,,,127.5,,,,,,,,28.125,215,,58.4,,,,,,,,,,,,30,3012.8,0,3012.8,21.685,136.281,132.281,1774.969,0.1,32.25,0,0,0,0,0,266055,,0,100,136.281,132.281,,,0,,0,,,,,,,,,,,,,,,,
2025-10-26 04:24:13,98,49,,100.5,,55,102,1774.969,,,0,0,48,50.156,,,0,0,0,0,82983.125,,,,,,,3012.8,0,3012.8,21.685,,,1774.969,0,,,,,,,,,,100,0,0,102,0,,65.535,0,0,0,0,0,0,0,0,0,1,0,0,,,,,
2025-10-26 04:25:11,94,41,,100.5,,57,102,1774.969,,,890.375,27.281,41,51.156,58.4,0,2.25,0,0,0,82983.125,81932.75,,2742.55,208587000,31681.5,29,3012.8,0,3012.8,21.685,86.094,60.688,1774.969,0.2,32.25,0,0,0,0,0,266110,,0,100,86.094,60.688,102,0,0,65.535,0,0,0,0,0,0,0,0,0,1,0,0,,,0.4,,
2025-10-26 04:26:11,94,41,,100.5,,57,102,1774.969,,,889.75,27.969,41,52.438,58.4,0,2.2,0,0,0,82983.125,81932.75,,2742.55,208588000,31681.5,29,3012.8,0,3012.8,21.685,99.594,86.188,1774.969,0.2,32.25,0,0,0,0,0,266168,,0,100,99.594,86.188,102,0,0,65.535,0,0,0,0,0,0,0,0,0,1,0,0,,,0.4,,
2025-10-26 04:27:11,94,40,,100.5,,59,102,1774.969,,,889,28.375,40,54.469,58.4,0,2.2,0,0,0,82983.125,81932.75,,2742.55,208589000,31681.5,29,3012.8,0,3012.8,21.685,108.875,101.375,1774.969,0.2,32.25,0,0,0,0,0,266225,,0,100,108.875,101.375,102,0,0,65.535,0,0,0,0,0,0,0,0,0,1,0,0,,,0.4,,
2025-10-26 04:28:11,102,41,,100.5,,59,102,1774.969,,,0,28.5,41,55.219,58.4,0,0,0,0,0,82983.125,81932.75,,2742.55,208589000,31682,29,3012.8,0,3012.8,21.685,109.375,105.281,1774.969,0.2,32.25,0,0,0,0,0,266250,,0,100,109.375,105.281,102,0,0,65.535,0,0,0,0,0,0,0,0,0,1,0,0,,,0.4,,
2025-10-26 06:42:04,94,37,,100.5,,51,102,1774.969,,,893.875,26.563,37,42.688,58.4,0,2.35,0,0,0,82983.125,81932.75,,2742.6,208590000,31682,28,3012.8,0,3012.8,21.685,75.281,47.188,1774.969,0.2,32.25,0,0,0,0,0,266286,,0,100,75.281,47.188,102,0,0,65.535,0,0,0,0,0,0,0,0,0,1,0,0,,,0.4,,
2025-10-26 06:43:04,94,37,,100.5,,52,102,1774.969,,,902.125,27.344,37,43.219,58.4,0,2.25,0,0,0,82983.125,81932.75,,2742.6,208591000,31682,28,3012.8,0,3012.8,21.685,95,78.5,1774.969,0.2,32.25,0,0,0,0,0,266344,,0,100,95,78.5,102,0,0,65.535,0,0,0,0,0,0,0,0,0,1,0,0,,,0.4,,
2025-10-26 06:44:04,102,37,,100.5,,53,102,1774.969,,,0,27.563,37,44.438,58.4,0,0,0,0,0,82983.125,81932.75,,2742.6,208591000,31682,28,3012.8,0,3012.8,21.685,103.688,91.688,1774.969,0.1,32.25,0,0,0,0,0,266389,,0,100,103.688,91.688,102,0,0,65.535,0,0,0,0,0,0,0,0,0,1,0,0,,,0.4,,
2025-10-26 07:30:04,80,36,,100.5,,51,102,1774.969,,,701,26.594,36,44.406,58.4,0,1.4,0,0,0,82983.125,81932.75,,2742.6,208592000,31682,28,3012.8,0,3012.8,21.685,68.781,52,1774.969,0.1,32.25,0,0,0,0,0,266408,,0,100,68.781,52,102,0,0,65.535,0,0,0,0,0,0,0,0,0,1,0,0,,,0.4,,
2025-10-26 07:31:04,82,34,,100.5,,52,102,1774.969,,,702.75,27.094,34,44.406,58.4,0,1.35,0,0,0,82983.125,81932.75,,2742.65,208592000,31682,28,3012.8,0,3012.8,21.685,92,65.188,1774.969,0.1,32.25,0,0,0,0,0,266466,,0,100,92,65.188,102,0,0,65.535,0,0,0,0,0,0,0,0,0,1,0,0,,,0.4,,
2025-10-26 07:32:04,82,32,,100.5,,53,102,1774.969,,,690.25,27.281,32,45,58.4,0,1.35,0,0,0,82983.125,81932.75,,2742.65,208593000,31682,28,3012.8,0,3012.8,21.685,99.875,80.594,1774.969,0.1,32.25,0,0,0,0,0,266524,,0,100,99.875,80.594,102,0,0,65.535,0,0,0,0,0,0,0,0,0,1,0,0,,,0.4,,
2025-10-26 07:33:04,82,32,,127.5,,53,102,1774.969,,,700.875,27.344,215,46.031,58.4,0,1.8,0,0,0,82983.125,81932.75,,2742.65,208594000,31682,28,3012.8,0,3012.8,21.685,100.5,88.281,1774.969,0.1,32.25,0,0,0,0,0,266581,,0,100,100.5,88.281,102,0,0,65.535,0,0,0,0,0,0,0,0,0,1,0,0,,,0.4,,
2025-10-26 07:34:04,82,31,,127.5,,54,102,1774.969,,,695.5,27.438,215,47.125,58.4,0,1.3,0,0,0,82983.125,81932.75,,2742.7,208595000,31682,28,3012.8,0,3012.8,21.685,101.688,90.688,1774.969,0.1,32.25,0,0,0,0,0,266639,,0,100,101.688,90.688,102,0,0,65.535,0,0,0,0,0,0,0,0,0,1,0,0,,,0.4,,
2025-10-26 07:35:04,82,31,,127.5,,55,102,1774.969,,,686.625,27.531,215,48.281,58.4,0,1.2,0,0,0,82983.125,81932.75,,2742.7,208595000,31682,28,3012.8,0,3012.8,21.685,104.375,95.375,1774.969,0.1,32.25,0,0,0,0,0,266697,,0,100,104.375,95.375,102,0,0,65.535,0,0,0,0,0,0,0,0,0,1,0,0,,,0.4,,
2025-10-26 07:36:04,82,30,,127.5,,56,102,1774.969,,,686.5,27.656,215,49.281,58.4,0,1.15,0,0,0,82983.125,81932.75,,2742.7,208596000,31682,28,3012.8,0,3012.8,21.685,104.375,99.875,1774.969,0.1,32.25,0,0,0,0,0,266754,,0,100,104.375,99.875,102,0,0,65.535,0,0,0,0,0,0,0,0,0,1,0,0,,,0.4,,
2025-10-26 07:37:04,82,30,,127.5,,56,102,1774.969,,,701.375,27.75,215,50.344,58.4,0,1.3,0,0,0,82983.125,81932.75,,2742.75,208597000,31682,28,3012.8,0,3012.8,21.685,107.781,102,1774.969,0.1,32.25,0,0,0,0,0,266812,,0,100,107.594,101.875,102,0,0,65.535,0,0,0,0,0,0,0,0,0,1,0,0,,,0.4,,
2025-10-26 07:38:04,82,30,,127.5,,57,102,1774.969,,,700.125,27.781,215,51.344,58.4,0,1.3,0,0,0,82983.125,81932.75,,2742.75,208597000,31682,28,3012.8,0,3012.8,21.685,109.875,105,1774.969,0.1,32.25,0,0,0,0,0,266870,,0,100,109.875,105,102,0,0,65.535,0,0,0,0,0,0,0,0,0,0,0,0,,,0.4,,
2025-10-26 07:39:04,94,30,,127.5,,57,102,1774.969,,,1042.5,27.875,215,52.438,58.4,0,0,0,0,0,82983.125,81932.75,,2742.75,208598000,31682,28,3012.8,0,3012.8,21.685,109.375,108,1774.969,0.2,32.25,0,0,0,0,0,266928,,0,100,109.375,108,102,0,0,65.535,0,0,0,0,0,1,0,0,0,0,0,0,,,0.4,,
2025-10-26 07:40:04,86,32,,127.5,,58,102,1774.969,,,221.5,27.656,215,53.969,58.4,0,1.05,2.494,0,0.125,82983.125,81932.75,,2742.8,208599000,31682,28,3012.8,0,3012.8,21.685,121,113.375,1774.969,0.2,32.25,0,0,0,0,0,266985,,0,100,121,113.375,102,2,0,65.535,0,0,0,0,0,1,0,0,0,0,2.609,0,,,0.4,,
2025-10-26 07:41:04,106,37,,127.5,,60,102,1774.969,,,257.75,27.594,215,56.094,58.4,0,7.05,2.838,0,0.625,82983.375,81933,,2742.8,208600000,31682,28,3012.8,0,3012.8,21.685,180.5,146.188,1774.969,0.3,32.25,0,0,0,0,0,267043,,0,100,180.5,146.188,102,7,0,65.535,0,0,0,0,0,1,0,0,0,0,20.004,0,,,0.4,,
2025-10-26 07:42:04,80,37,,127.5,,63,102,1774.969,,,314.375,27.625,215,58.531,58.4,0,0,0,0,1.75,82983.75,81933.375,,2742.8,208601000,31682,28,3012.8,0,3012.8,21.685,157.375,165.5,1774.969,0.3,32.25,0,0,0,0,0,267101,,0,100,157.375,165.5,102,7,0,65.535,0,0,0,0,0,1,0,0,0,0,23.926,0,,,0.4,,
2025-10-26 07:43:04,132,38,,127.5,,65,102,1774.969,,,239.5,27.656,215,61.063,58.4,0,7.4,3.488,5.25,2.625,82984,81933.625,,2742.85,208602000,31682.5,28,3012.8,0,3012.8,21.685,229.688,177.281,1774.969,0.5,32.25,0,0,0,0,0,267158,,0,100,229.688,177.281,102,7,0,65.535,0,0,0,0,0,0,0,0,0,0,25.816,0,,,0.4,,
2025-10-26 07:44:02,82,40,,127.5,,70,102,1774.969,,,345,27.656,215,65.188,58.4,0.5,0,0,8,4,82984.5,81934.125,,2742.85,208604000,31682.5,28,598.6,19.665,3012.8,21.685,200.781,221.688,1774.969,0.3,32.25,0,0,0,0,0,267215,,0,100,200.781,221.688,102,8,0,65.535,0,0,0,0,0,0,0,0,0,0,29.426,0,,,0.4,,
2025-10-26 07:45:02,92,40,,127.5,,71,102,1774.969,,,263.875,27.781,215,67.844,58.4,0.5,6.6,7.484,11,5.5,82985,81934.625,,2742.85,208605000,31682.5,28,127.6,13.067,3012.8,21.685,193.375,191.781,1774.969,0.4,32.25,0,0,0,0,0,267273,,0,100,193.375,191.781,102,8,0,65.535,0,0,0,0,0,1,0,0,0,0,32.988,0,,,0.4,,
2025-10-26 07:46:02,162,38,,100.5,,75,102,1774.969,,,220.375,28.094,38,69.594,61.6,0.5,18.85,2.342,14,7,82985.5,81935.125,,2742.9,208606000,31682.5,28,1169.9,5.365,3012.8,21.685,269.875,223,1774.969,0.7,32.25,0,0,0,0,0,267330,,0,100,269.875,223,102,9,0,65.535,0,0,0,0,0,0,0,0,0,0,33.684,0,,,0.4,,
2025-10-26 07:47:02,112,41,,100.5,,79,102,1774.969,,,347.125,28.313,41,72.531,58.4,0.5,8.65,5.738,17.5,8.75,82986.125,81935.75,,2742.9,208607000,31683,28,415.5,8.178,3012.8,21.685,238.875,257.875,1774.969,0.5,32.25,0,0,0,0,0,267388,,0,100,238.875,257.875,102,9,0,65.535,0,0,0,0,0,0,0,0,0,0,37.613,0,,,0.4,,
2025-10-26 07:48:02,128,41,,100.5,,82,102,1774.969,,,636.375,28.406,41,75.719,58.4,1,11.5,2.104,10.5,10.5,82986.75,81936.375,,2742.9,208608000,31683,28,1102.2,5.363,3012.8,21.685,246.594,256.5,1774.969,0.5,32.25,0,0,0,0,0,267446,,0,100,246.594,256.5,102,9,0,65.535,0,0,0,0,0,0,0,0,0,0,32.027,0,,,0.4,,
2025-10-26 07:49:02,110,43,,100.5,,84,102,1774.969,,,643.875,28.75,43,78.375,58.4,1,0,0,11.875,11.875,82987.25,81936.875,,2742.95,208610000,31683,28,198.2,16.601,3012.8,21.685,236.781,248.781,1774.969,0.4,32.25,0,0,0,0,0,267503,,0,100,236.781,248.781,102,8,0,65.535,0,0,0,0,0,0,0,0,0,0,31.457,0,,,0.4,,
2025-10-26 07:50:02,132,41,,100.5,,86,102,1774.969,,,1345.625,29.031,41,80.844,58.4,1,11.9,1.43,13.125,13.125,82987.625,81937.25,,2742.95,208611000,31683,28,213.1,7.479,3012.8,21.685,241.094,249.594,1774.969,0.5,32.25,0,0,0,0,0,267561,,0,100,241.094,249.594,102,6,0,65.535,0,0,0,0,0,1,0,0,0,0,17.188,0,,,0.4,,
2025-10-26 07:51:02,80,45,,100.5,,87,102,1774.969,,,1115.875,29.469,45,82.625,58.4,1,0,0,14.375,14.375,82988.125,81937.75,,2742.95,208612000,31683,28,1.7,20.11,3012.8,21.685,194.281,233.094,1774.969,0.4,32.25,0,0,0,0,0,267619,,0,100,194.281,233.094,102,8,0,65.535,0,0,0,0,0,1,0,0,0,0,33.973,0,,,0.4,,
2025-10-26 07:52:02,126,42,,100.5,,87,102,1774.969,,,1269.75,29.625,42,83.438,58.4,1,8.85,2.658,15.5,15.5,82988.5,81938.125,,2743,208613000,31683,28,223.6,8.816,3012.8,21.685,228.281,193.781,1774.969,0.5,32.25,0,0,0,0,0,267676,,0,100,227.688,193.688,102,7,0,65.535,0,0,0,0,0,1,0,0,0,0,23.582,0,,,0.4,,
2025-10-26 07:53:02,92,43,,100.5,,87,102,1774.969,,,1241.375,29.656,43,84.313,58.4,1,9.25,3.34,16.875,16.875,82988.875,81938.625,,2743,208614000,31683.5,28,184.3,7.617,-8.3,21.685,252,240.688,1774.969,0.4,32.25,0,0,0,0,0,267734,,0,100,254.094,240.375,102,8,0,65.535,0,0,0,0,0,0,0,0,0,0,30.961,0,,,0.4,,
2025-10-26 07:54:02,136,44,,100.5,,86,102,1774.969,,,889.375,29.625,44,84.469,58.4,1.5,9.2,3.527,12.334,18.5,82989.5,81939.125,,2743,208616000,31683.5,28,338.5,9.168,110.1,21.685,258.281,235.188,1774.969,0.7,32.25,0,0,0,0,0,267792,,0,100,258.281,235.188,102,8,0,65.535,0,0,0,0,0,0,0,0,0,0,32.523,0,,,0.4,,
2025-10-26 07:55:02,78,47,,100.5,,85,102,1774.969,,,681.5,29.813,47,84.969,59.2,1.5,0,0,13.416,20.125,82990,81939.625,,2743.05,208617000,31683.5,28,1.1,20.166,3012.8,21.685,188.188,243.375,1774.969,0.3,32.25,0,0,0,0,0,267849,,0,100,188.188,243.375,102,8,0,65.535,0,0,0,0,0,0,0,0,0,0,34.664,0,,,0.4,,
2025-10-26 07:56:02,102,43,,100.5,,86,102,1774.969,,,899,29.938,43,84.813,58.4,1.5,0,0,14.25,21.375,82990.5,81940.125,,2743.05,208618000,31683.5,28,241.9,17.698,3012.8,21.685,234.688,202,1774.969,0.7,32.25,0,0,0,0,0,267907,,0,100,234.688,202,102,7,0,65.535,0,0,0,0,0,1,0,0,0,0,27.152,0,,,0.4,,
2025-10-26 07:57:02,90,43,,100.5,,85,102,1774.969,,,735.5,30.281,43,84.969,58.4,1.5,1.7,4.656,15.166,22.75,82990.875,81940.625,,2743.05,208619000,31683.5,28,202,16.497,27.7,21.685,200.094,232.281,1774.969,0.3,32.25,0,0,0,0,0,267965,,0,100,200.094,232.281,102,5,0,65.535,0,0,0,0,0,1,0,0,0,0,7.859,0,,,0.4,,
2025-10-26 07:58:02,106,43,,100.5,,86,102,1774.969,,,888.25,30.469,43,84.969,60,1.5,5.45,1.582,15.666,23.5,82991.125,81940.875,,2743.1,208620000,31683.5,28,314.5,11.223,201,21.685,207.594,230.875,1774.969,0.3,32.25,0,0,0,0,0,268023,,0,100,207.594,230.875,102,5,0,65.535,0,0,0,0,0,1,0,0,0,0,8.578,0,,,0.4,,
2025-10-26 07:59:02,114,43,,100.5,,86,102,1774.969,,,914,31.188,43,85.281,58.4,1.5,7.8,2.188,16,24,82991.375,81941,,2743.1,208621000,31683.5,28,859.1,9.212,96.5,21.685,222.875,211,1774.969,0.4,32.25,0,0,0,0,0,268080,,0,100,222.875,211,102,7,0,65.535,0,0,0,0,0,1,0,0,0,0,17.172,0,,,0.4,,
2025-10-26 08:00:02,130,46,,127.5,,86,102,1774.969,,,1318.75,31.188,215,85.313,58.4,1.5,0,0,16.5,24.75,82991.625,81941.25,,2743.1,208622000,31684,28,128.6,17.522,86.8,21.685,222,225.094,1774.969,0.5,32.25,0,0,0,0,0,268138,,0,62,222,225.094,102,6,0,65.535,0,0,0,0,0,1,0,0,0,0,17.324,0,,,0.4,,
2025-10-26 08:01:02,92,46,,127.5,,86,102,1774.969,,,1032.875,30.906,215,85.469,58.4,2,6.8,2.951,12.875,25.75,82992,81941.625,,2743.15,208624000,31684,28,206.8,11.394,93.7,21.685,207.875,218.875,1774.969,0.4,32.25,0,0,0,0,0,268196,,0,73.2,207.875,218.875,102,7,0,65.535,0,0,0,0,0,0,0,0,0,0,20.027,0,,,0.4,,
2025-10-26 08:02:02,100,43,,127.5,,86,102,1774.969,,,919,31.094,215,85.531,58.4,2,0,0,13.25,26.5,82992.25,81941.875,,2743.15,208625000,31684,28,416.2,19.411,197.6,21.685,208.875,211.188,1774.969,0.4,32.25,0,0,0,0,0,268253,,0,84.4,208.875,211.188,102,6,0,65.535,0,0,0,0,0,1,0,0,0,0,12.027,0,,,0.4,,
2025-10-26 08:03:02,106,44,,127.5,,86,102,1774.969,,,925.75,31.188,215,85.594,58.4,2,5.95,2.053,13.563,27.125,82992.375,81942.125,,2743.15,208626000,31684,28,539.7,10.143,127.6,21.685,191.188,208,1774.969,0.4,32.25,0,0,0,0,0,268311,,0,62.8,191.188,208,102,6,0,65.535,0,0,0,0,0,1,0,0,0,0,12.195,0,,,0.4,,
2025-10-26 08:04:02,118,48,,127.5,,86,102,1774.969,,,1006,30.969,215,85.438,58.4,2,6.6,3.459,14,28,82992.75,81942.375,,2743.2,208627000,31684,28,196.1,9.959,109.2,21.685,215.688,206.594,1774.969,0.4,32.25,0,0,0,0,0,268369,,0,41.2,215.688,206.594,102,7,0,65.535,0,0,0,0,0,1,0,0,0,0,22.867,0,,,0.4,,
2025-10-26 08:05:02,118,47,,127.5,,86,102,1774.969,,,836.5,31.094,215,85.438,58.4,2,4.2,6.061,14.563,29.125,82993.125,81942.75,,2743.2,208628000,31684,28,282.9,13.148,99.3,21.685,219,215.094,1774.969,0.5,32.25,0,0,0,0,0,268426,,0,22.4,220.781,215.094,102,7,0,65.535,0,0,0,0,0,0,0,0,0,0,25.402,0,,,0.4,,
2025-10-26 08:06:02,94,40,,127.5,,86,102,1774.969,,,755.875,31.375,215,85.813,58.4,2,1.55,2.576,14.813,29.625,82993.25,81943,,2743.2,208629000,31684,28,206.1,16.547,3012.8,21.685,197.188,210.375,1774.969,0.3,32.25,0,0,0,0,0,268484,,0,100,196.688,210.188,102,3,0,65.535,0,0,0,0,0,1,0,0,0,0,3.957,0,,,0.4,,
2025-10-26 08:07:02,86,38,,127.5,,85,102,1774.969,,,692.125,33.313,215,85.375,58.4,2,1,0,14.813,29.625,82993.25,81943,,2743.25,208630000,31684,28,179.5,17.218,3012.8,21.685,172,193.5,1774.969,0.3,32.25,0,0,0,0,0,268542,,0,100,171.781,193.188,102,0,0,65.535,0,0,0,0,0,0,0,0,0,0,0,0,,,0.4,,
2025-10-26 08:08:02,104,38,,127.5,,85,102,1774.969,,,59.125,33.438,215,85.094,58.4,2,0,0,14.875,29.75,82993.25,81943,,2743.25,208630000,31684.5,28,217.2,17.182,3012.8,21.685,166.094,175.094,1774.969,0.1,32.25,0,0,0,0,0,268599,,0,100,166.094,175.094,102,0,0,65.535,0,0,0,0,1,0,0,0,0,0,0,0,,,0.4,,
2025-10-26 08:09:02,102,39,,127.5,,85,102,1774.969,,,0,31.344,215,85.031,58.4,,0,0,14.875,29.75,82993.25,,,,,,28,3012.8,17.182,3012.8,21.685,166.094,175.094,1774.969,0.1,32.25,0,0,0,0,0,268601,,0,100,166.094,175.094,,0,0,65.535,0,,0,0,1,0,0,0,0,0,0,0,,,,,
2025-10-26 08:10:02,,,,127.5,,,,,,,,31.219,215,,58.4,,,,,,,,,,,,28,3012.8,17.182,3012.8,21.685,166.094,175.094,1774.969,0.1,32.25,0,0,0,0,0,268601,,0,100,166.094,175.094,,,0,,0,,,,,,,,,,,,,,,,
2025-10-26 13:27:56,82,38,,127.5,,48,102,1774.969,,,703.875,33.5,215,41.438,58.4,0,2.1,0,0,0,82993.25,81943,,2743.25,208631000,31684.5,31,3012.8,0,3012.8,21.685,63.875,44,1774.969,0.1,32.25,0,0,0,0,0,268618,,0,100,63.875,44,102,0,0,65.535,0,0,0,0,0,0,0,0,0,1,0,0,,,0.4,,
2025-10-26 13:28:56,88,37,,127.5,,50,102,1774.969,,,709.375,33.625,215,41.469,58.4,0,3,0.809,0,0,82993.375,81943,,2743.25,208631000,31684.5,31,3012.8,0,3012.8,21.685,96.594,60.5,1774.969,0.2,32.25,0,0,0,0,0,268676,,0,100,96.188,60.188,102,1,0,65.535,0,0,0,0,0,1,0,0,0,0,2.414,0,,,0.4,,
2025-10-26 13:29:56,90,38,,127.5,,52,102,1774.969,,,769.75,33.938,215,42.438,58.4,0,1.35,2.049,0,0.125,82993.375,81943,,2743.3,208632000,31684.5,31,3012.8,0,3012.8,21.685,106.688,86.5,1774.969,0.2,32.25,0,0,0,0,0,268734,,0,100,106.688,86.281,102,2,0,65.535,0,0,0,0,0,1,0,0,0,0,2.777,0,,,0.4,,
2025-10-26 13:30:56,84,36,,127.5,,53,102,1774.969,,,711.375,33.656,215,44.406,58.4,0,1.65,1.139,0,0.25,82993.375,81943.125,,2743.3,208633000,31684.5,32,3012.8,0,3012.8,21.685,115.688,101.5,1774.969,0.2,32.25,0,0,0,0,0,268791,,0,100,115.688,101.5,102,1,0,65.535,0,0,0,0,0,1,0,0,0,0,1.879,0,,,0.4,,
2025-10-26 13:31:56,84,36,,127.5,,54,102,1774.969,,,704.5,33.625,215,46.531,58.4,0,1.25,0,0,0.25,82993.375,81943.125,,2743.3,208634000,31684.5,32,3012.8,0,3012.8,21.685,118.5,109.188,1774.969,0.2,32.25,0,0,0,0,0,268849,,0,100,118.5,109.188,102,0,0,65.535,0,0,0,0,1,1,0,0,0,0,0,0,,,0.4,,
2025-10-26 13:32:56,88,36,,127.5,,55,102,1774.969,,,684.375,33.75,215,48.344,58.4,0,4.95,0,0,0.375,82993.5,81943.125,,2743.35,208634000,31684.5,32,3012.8,0,3012.8,21.685,119.188,115,1774.969,0.2,32.25,0,0,0,0,0,268907,,0,100,119.188,115,102,0,0,65.535,0,0,0,0,0,1,0,0,0,0,1.414,0,,,0.4,,
2025-10-26 13:33:56,84,36,,127.5,,56,102,1774.969,,,691,33.75,215,49.906,58.4,0,1.15,0,0,0.375,82993.5,81943.125,,2743.35,208635000,31684.5,32,3012.8,0,3012.8,21.685,121.875,118.781,1774.969,0.2,32,0,0,0,0,0,268964,,0,100,121.875,118.781,102,0,0,65.535,0,0,0,0,1,1,0,0,0,0,0,0,,,0.4,,
2025-10-26 13:34:56,84,36,,127.5,,57,102,1774.969,,,686.875,33.719,215,51.594,58.4,0,1.35,0,0,0.5,82993.5,81943.125,,2743.35,208636000,31684.5,32,3012.8,0,3012.8,21.685,125.094,120.375,1774.969,0.2,32,0,0,0,0,0,269021,,0,100,125.094,120.375,102,0,0,65.535,0,0,0,0,0,1,0,0,0,0,0,0,,,0.4,,
2025-10-26 13:35:56,102,37,,100.5,,58,102,1774.969,,,0,33.875,37,52.438,58.4,0,0,0,0,0.5,82993.5,81943.125,,2743.4,208636000,31684.5,32,3012.8,0,3012.8,21.685,127.5,123.375,1774.969,0.1,32,0,0,0,0,0,269063,,0,100,127.5,123.375,102,0,0,65.535,0,0,0,0,0,1,0,0,0,1,0,0,,,0.4,,
2025-10-26 18:13:48,98,33,,100.5,,35,102,1774.969,,,0,0,33,33.219,,,0,0,0,0,82993.5,,,,,,,3012.8,0,3012.8,21.685,,,1774.969,0,,,,,,,,,,,,,,0,,65.535,,,0,0,0,0,0,0,0,1,0,0,,,,,
2025-10-26 18:14:48,98,35,,100.5,,37,102,1774.969,,,0,25.469,35,34.813,58.4,,0,0,0,0,82993.5,81943.125,,2743.4,208636000,,28,3012.8,0,3012.8,21.685,25.594,26,1774.969,0,32.5,0,0,0,0,0,269063,,0,100,25.594,26,,0,0,65.535,0,,0,0,0,0,0,0,0,1,0,0,,,0.4,,
2025-10-26 18:21:48,100,35,,100.5,,37,102,1774.969,,,0,25.656,35,34.75,64.4,0,0,0,0,0,82993.5,81943.125,,2743.4,208636000,31684.5,28,3012.8,0,3012.8,21.685,25.781,26.281,1774.969,0,32.25,0,0,0,0,0,269063,,0,100,25.781,26.281,,0,0,65.535,0,,0,0,0,0,0,0,0,1,0,0,,,0.4,,
2025-10-26 18:22:48,100,35,,100.5,,37,102,1774.969,,,0,25.656,35,34.813,64.4,0,0,0,0,0,82993.5,81943.125,,2743.4,208636000,31684.5,28,3012.8,0,3012.8,21.685,25.875,26.375,1774.969,0,32.25,0,0,0,0,0,269063,,0,100,25.875,26.375,,0,0,65.535,0,,0,0,0,0,0,0,0,1,0,0,,,0.4,,
2025-10-26 18:23:48,100,35,,100.5,,37,102,1774.969,,,0,25.563,35,34.813,64.4,0,0,0,0,0,82993.5,81943.125,,2743.4,208636000,31684.5,28,3012.8,0,3012.8,21.685,26,26.5,1774.969,0,32.25,0,0,0,0,0,269063,,0,100,26,26.5,,0,0,65.535,0,,0,0,0,0,0,0,0,1,0,0,,,0.4,,
2025-10-26 18:24:48,100,35,,100.5,,37,102,1774.969,,,0,25.563,35,34.781,64.4,0,0,0,0,0,82993.5,81943.125,,2743.4,208636000,31684.5,28,3012.8,0,3012.8,21.685,26,26.5,1774.969,0,32.25,0,0,0,0,0,269063,,0,100,26,26.5,,0,0,65.535,0,,0,0,0,0,0,0,0,1,0,0,,,0.4,,
2025-10-26 18:25:48,100,35,,100.5,,37,102,1774.969,,,0,25.656,35,34.781,64.4,0,0,0,0,0,82993.5,81943.125,,2743.4,208636000,31684.5,28,3012.8,0,3012.8,21.685,26,26.5,1774.969,0,32.25,0,0,0,0,0,269063,,0,100,26,26.5,,0,0,65.535,0,,0,0,0,0,0,0,0,1,0,0,,,0.4,,
2025-10-26 18:26:48,100,35,,100.5,,37,102,1774.969,,,0,25.719,35,34.75,64.4,0,0,0,0,0,82993.5,81943.125,,2743.4,208636000,31684.5,28,3012.8,0,3012.8,21.685,26,26.5,1774.969,0,32.25,0,0,0,0,0,269063,,0,100,26,26.5,,0,0,65.535,0,,0,0,0,0,0,0,0,1,0,0,,,0.4,,
2025-10-26 18:27:48,100,35,,100.5,,37,102,1774.969,,,0,25.563,35,34.625,64.4,,0,0,0,0,82993.5,81943.125,,2743.4,208636000,,28,3012.8,0,3012.8,21.685,25.781,26.094,1774.969,0,32.25,0,0,0,0,0,269063,,0,100,25.781,26.094,,0,0,65.535,0,,0,0,0,0,0,0,0,1,0,0,,,0.4,,
2025-10-26 18:28:48,100,35,,100.5,,36,102,1774.969,,,0,25.594,35,34.719,64.4,0,0,0,0,0,82993.5,81943.125,,2743.4,208636000,31684.5,28,3012.8,0,3012.8,21.685,25.875,26.281,1774.969,0,32.25,0,0,0,0,0,269063,,0,100,25.875,26.281,,0,0,65.535,0,,0,0,0,0,0,0,0,1,0,0,,,0.4,,
2025-10-26 18:29:48,100,35,,127.5,,36,102,1774.969,,,0,25.531,215,34.688,64.4,0,0,0,0,0,82993.5,81943.125,,2743.4,208636000,31684.5,28,3012.8,0,3012.8,21.685,26,26.375,1774.969,0,32.25,0,0,0,0,0,269063,,0,100,26,26.375,,0,0,65.535,0,,0,0,0,0,0,0,0,1,0,0,,,0.4,,
2025-10-26 18:30:48,100,35,,127.5,,36,102,1774.969,,,0,25.656,215,34.625,64.4,0,0,0,0,0,82993.5,81943.125,,2743.4,208636000,31684.5,28,3012.8,0,3012.8,21.685,26,26.5,1774.969,0,32.25,0,0,0,0,0,269063,,0,100,26,26.5,,0,0,65.535,0,,0,0,0,0,0,0,0,1,0,0,,,0.4,,
2025-10-26 18:31:48,100,35,,127.5,,36,102,1774.969,,,0,25.688,215,34.594,64.4,0,0,0,0,0,82993.5,81943.125,,2743.4,208636000,31684.5,28,3012.8,0,3012.8,21.685,26,26.375,1774.969,0,32.25,0,0,0,0,0,269063,,0,100,26,26.375,,0,0,65.535,0,,0,0,0,0,0,0,0,1,0,0,,,0.4,,
2025-10-26 18:32:48,100,35,,127.5,,36,102,1774.969,,,0,25.719,215,34.563,64.4,0,0,0,0,0,82993.5,81943.125,,2743.4,208636000,31684.5,28,3012.8,0,3012.8,21.685,26,26.5,1774.969,0,32.25,0,0,0,0,0,269063,,0,100,26,26.5,,0,0,65.535,0,,0,0,0,0,0,0,0,1,0,0,,,0.4,,
2025-10-26 18:36:33,100,35,,100.5,,36,102,1774.969,,,0,25.75,35,34.531,64.4,0,0,0,0,0,82993.5,81943.125,,2743.4,208636000,31684.5,28,3012.8,0,3012.8,21.685,26,26.375,1774.969,0,32.25,0,0,0,0,0,269063,,0,100,26,26.375,,0,0,65.535,0,,0,0,0,0,0,0,0,1,0,0,,,0.4,,
2025-10-26 18:37:33,100,35,,100.5,,36,102,1774.969,,,0,25.75,35,34.5,,,0,0,0,0,82993.5,,,,,,,,,,,,,,,,,,,,,,,,,,,,0,,65.535,,,0,0,0,0,0,0,0,1,0,0,,,,,
2025-10-26 18:56:31,100,34,,100.5,,35,102,1774.969,,,0,25.625,34,33.719,64.4,0,0,0,0,0,82993.5,81943.125,,2743.4,208636000,31684.5,28,3012.8,0,3012.8,21.685,25.688,26,1774.969,0,32.25,0,0,0,0,0,269063,,0,100,25.688,26,,0,0,65.535,0,,0,0,0,0,0,0,0,1,0,0,,,0.4,,
2025-10-26 18:57:31,100,34,,100.5,,35,102,1774.969,,,0,25.594,34,33.813,64.4,0,0,0,0,0,82993.5,81943.125,,2743.4,208636000,31684.5,28,3012.8,0,3012.8,21.685,25.781,26.188,1774.969,0,32.25,0,0,0,0,0,269063,,0,100,25.781,26.188,,0,0,65.535,0,,0,0,0,0,0,0,0,1,0,0,,,0.4,,
2025-10-26 18:58:31,100,34,,100.5,,35,102,1774.969,,,0,25.344,34,33.781,64.4,0,0,0,0,0,82993.5,81943.125,,2743.4,208636000,31684.5,28,3012.8,0,3012.8,21.685,25.781,26.281,1774.969,0,32.25,0,0,0,0,0,269063,,0,100,25.781,26.281,,0,0,65.535,0,,0,0,0,0,0,0,0,1,0,0,,,0.4,,
2025-10-26 18:59:31,100,34,,100.5,,35,102,1774.969,,,0,25.438,34,33.75,64.4,0,0,0,0,0,82993.5,81943.125,,2743.4,208636000,31684.5,28,3012.8,0,3012.8,21.685,26,26.281,1774.969,0,32.25,0,0,0,0,0,269063,,0,100,26,26.281,,0,0,65.535,0,,0,0,0,0,0,0,0,1,0,0,,,0.4,,
2025-10-26 19:00:31,100,34,,100.5,,35,102,1774.969,,,0,25.344,34,33.688,64.4,0,0,0,0,0,82993.5,81943.125,,2743.4,208636000,31684.5,28,3012.8,0,3012.8,21.685,25.875,26.281,1774.969,0,32.25,0,0,0,0,0,269063,,0,100,25.875,26.281,,0,0,65.535,0,,0,0,0,0,0,0,0,1,0,0,,,0.4,,
2025-10-26 19:01:31,100,34,,100.5,,35,102,1774.969,,,0,25.313,34,33.625,64.4,0,0,0,0,0,82993.5,81943.125,,2743.4,208636000,31684.5,28,3012.8,0,3012.8,21.685,25.688,26,1774.969,0,32.5,0,0,0,0,0,269063,,0,100,25.688,26,,0,0,65.535,0,,0,0,0,0,0,0,0,1,0,0,,,0.4,,
2025-10-26 19:02:31,100,34,,100.5,,35,102,1774.969,,,0,25.406,34,33.594,64.4,0,0,0,0,0,82993.5,81943.125,,2743.4,208636000,31684.5,28,3012.8,0,3012.8,21.685,25.875,26.188,1774.969,0,32.25,0,0,0,0,0,269063,,0,100,25.875,26.188,,0,0,65.535,0,,0,0,0,0,0,0,0,1,0,0,,,0.4,,
2025-10-26 19:03:31,100,34,,100.5,,35,102,1774.969,,,0,25.375,34,33.563,64.4,0,0,0,0,0,82993.5,81943.125,,2743.4,208636000,31684.5,28,3012.8,0,3012.8,21.685,25.875,26.188,1774.969,0,32.25,0,0,0,0,0,269063,,0,100,25.875,26.188,,0,0,65.535,0,,0,0,0,0,0,0,0,1,0,0,,,0.4,,
2025-10-26 19:04:31,100,34,,100.5,,35,102,1774.969,,,0,25.438,34,33.531,64.4,0,0,0,0,0,82993.5,81943.125,,2743.4,208636000,31684.5,28,3012.8,0,3012.8,21.685,25.875,26.188,1774.969,0,32.25,0,0,0,0,0,269063,,0,100,25.875,26.188,,0,0,65.535,0,,0,0,0,0,0,0,0,1,0,0,,,0.4,,
2025-10-26 19:05:31,100,34,,100.5,,35,102,1774.969,,,0,25.375,34,33.5,64.4,0,0,0,0,0,82993.5,81943.125,,2743.4,208636000,31684.5,28,3012.8,0,3012.8,21.685,25.875,26.281,1774.969,0,32.25,0,0,0,0,0,269063,,0,100,25.875,26.281,,0,0,65.535,0,,0,0,0,0,0,0,0,1,0,0,,,0.4,,
2025-10-26 19:06:31,100,34,,127.5,,35,102,1774.969,,,0,25.469,215,33.5,64.4,0,0,0,0,0,82993.5,81943.125,,2743.4,208636000,31684.5,28,3012.8,0,3012.8,21.685,25.875,26.281,1774.969,0,32.25,0,0,0,0,0,269063,,0,100,25.875,26.281,,0,0,65.535,0,,0,0,0,0,0,0,0,1,0,0,,,0.4,,
2025-10-26 19:07:31,100,34,,100.5,,35,102,1774.969,,,0,25.5,34,33.469,64.4,,0,0,0,0,82993.5,81943.125,,2743.4,208636000,,28,3012.8,0,3012.8,21.685,26,26.188,1774.969,0,32.25,0,0,0,0,0,269063,,0,100,25.875,26.188,,0,0,65.535,0,,0,0,0,0,0,0,0,1,0,0,,,0.4,,
